Year,Country,Age,Sex,Unemployment Rate (%)
2014,Canada,15-24,Female,0.11445262291823438
2014,Canada,15-24,Male,0.14885403952784418
2014,Canada,15-24,Total,0.13207800033578632
2014,Canada,25+,Female,0.055847959007726135
2014,Canada,25+,Male,0.06224835693211198
2014,Canada,25+,Total,0.05923315917444535
2014,Czechia,15-24,Female,0.17091666666666663
2014,Czechia,15-24,Male,0.15041666666666667
2014,Czechia,15-24,Total,0.15841666666666665
2014,Czechia,25+,Female,0.06791666666666667
2014,Czechia,25+,Male,0.043333333333333314
2014,Czechia,25+,Total,0.05416666666666665
2014,France,15-24,Female,0.27175
2014,France,15-24,Male,0.24408333333333332
2014,France,15-24,Total,0.25666666666666665
2014,France,25+,Female,0.08308333333333333
2014,France,25+,Male,0.09008333333333333
2014,France,25+,Total,0.08666666666666667
2014,Germany,15-24,Female,0.07658333333333334
2014,Germany,15-24,Male,0.08733333333333333
2014,Germany,15-24,Total,0.08233333333333333
2014,Germany,25+,Female,0.04016666666666665
2014,Germany,25+,Male,0.04591666666666666
2014,Germany,25+,Total,0.043166666666666666
2014,Greece,15-24,Female,0.5848333333333333
2014,Greece,15-24,Male,0.48275
2014,Greece,15-24,Total,0.5306666666666667
2014,Greece,25+,Female,0.2833333333333333
2014,Greece,25+,Male,0.22066666666666665
2014,Greece,25+,Total,0.248
2014,Hungary,15-24,Female,0.19774999999999998
2014,Hungary,15-24,Male,0.20458333333333334
2014,Hungary,15-24,Total,0.2015833333333333
2014,Hungary,25+,Female,0.0665
2014,Hungary,25+,Male,0.06558333333333334
2014,Hungary,25+,Total,0.06583333333333334
2014,Iceland,15-24,Female,0.0775
2014,Iceland,15-24,Male,0.145
2014,Iceland,15-24,Total,0.11199999999999995
2014,Iceland,25+,Female,0.050083333333333334
2014,Iceland,25+,Male,0.03791666666666666
2014,Iceland,25+,Total,0.04349999999999999
2014,Ireland,15-24,Female,0.19866666666666666
2014,Ireland,15-24,Male,0.266
2014,Ireland,15-24,Total,0.23450000000000001
2014,Ireland,25+,Female,0.09599999999999997
2014,Ireland,25+,Male,0.1085833333333333
2014,Ireland,25+,Total,0.10283333333333333
2014,Italy,15-24,Female,0.44675
2014,Italy,15-24,Male,0.41124999999999995
2014,Italy,15-24,Total,0.4258333333333333
2014,Italy,25+,Female,0.11724999999999992
2014,Italy,25+,Male,0.10024999999999991
2014,Italy,25+,Total,0.10725
2014,Latvia,15-24,Female,0.19974999999999998
2014,Latvia,15-24,Male,0.19241666666666665
2014,Latvia,15-24,Total,0.19591666666666666
2014,Latvia,25+,Female,0.09016666666666667
2014,Latvia,25+,Male,0.10991666666666666
2014,Latvia,25+,Total,0.09991666666666665
2014,Lithuania,15-24,Female,0.18725
2014,Lithuania,15-24,Male,0.19633333333333333
2014,Lithuania,15-24,Total,0.19266666666666665
2014,Lithuania,25+,Female,0.08483333333333332
2014,Lithuania,25+,Male,0.1135833333333333
2014,Lithuania,25+,Total,0.09899999999999998
2014,Netherlands,15-24,Female,0.13158333333333333
2014,Netherlands,15-24,Male,0.14233333333333334
2014,Netherlands,15-24,Total,0.13699999999999998
2014,Netherlands,25+,Female,0.07758333333333334
2014,Netherlands,25+,Male,0.06758333333333334
2014,Netherlands,25+,Total,0.07225
2014,Norway,15-24,Female,0.09275
2014,Norway,15-24,Male,0.10683333333333332
2014,Norway,15-24,Total,0.09958333333333332
2014,Norway,25+,Female,0.026833333333333317
2014,Norway,25+,Male,0.028499999999999994
2014,Norway,25+,Total,0.027583333333333303
2014,Slovak Republic,15-24,Female,0.33075
2014,Slovak Republic,15-24,Male,0.2976666666666667
2014,Slovak Republic,15-24,Total,0.3105
2014,Slovak Republic,25+,Female,0.12433333333333334
2014,Slovak Republic,25+,Male,0.10874999999999997
2014,Slovak Republic,25+,Total,0.11608333333333332
2014,Slovenia,15-24,Female,0.21599999999999997
2014,Slovenia,15-24,Male,0.19599999999999998
2014,Slovenia,15-24,Total,0.20474999999999996
2014,Slovenia,25+,Female,0.09833333333333331
2014,Slovenia,25+,Male,0.08141666666666665
2014,Slovenia,25+,Total,0.08916666666666666
2014,Spain,15-24,Female,0.52925
2014,Spain,15-24,Male,0.53425
2014,Spain,15-24,Total,0.5318333333333334
2014,Spain,25+,Female,0.23358333333333334
2014,Spain,25+,Male,0.21399999999999997
2014,Spain,25+,Total,0.2230833333333333
2014,United States of America,15-24,Female,0.12147791556989442
2014,United States of America,15-24,Male,0.14535710073069938
2014,United States of America,15-24,Total,0.13381015215028216
2014,United States of America,25+,Female,0.050593826002627434
2014,United States of America,25+,Male,0.04995948193163535
2014,United States of America,25+,Total,0.05024839284570239
2015,Canada,15-24,Female,0.10739790761550866
2015,Canada,15-24,Male,0.14648933745225004
2015,Canada,15-24,Total,0.1275348222954262
2015,Canada,25+,Female,0.054993762179362554
2015,Canada,25+,Male,0.06310830702541372
2015,Canada,25+,Total,0.05929099070297448
2015,Czechia,15-24,Female,0.14483333333333334
2015,Czechia,15-24,Male,0.11349999999999998
2015,Czechia,15-24,Total,0.12633333333333333
2015,Czechia,25+,Female,0.05541666666666667
2015,Czechia,25+,Male,0.03708333333333332
2015,Czechia,25+,Total,0.04533333333333331
2015,France,15-24,Female,0.2738333333333333
2015,France,15-24,Male,0.25033333333333335
2015,France,15-24,Total,0.261
2015,France,25+,Female,0.08166666666666662
2015,France,25+,Male,0.09191666666666666
2015,France,25+,Total,0.08683333333333332
2015,Germany,15-24,Female,0.0695
2015,Germany,15-24,Male,0.08174999999999995
2015,Germany,15-24,Total,0.07608333333333334
2015,Germany,25+,Female,0.03675
2015,Germany,25+,Male,0.04291666666666665
2015,Germany,25+,Total,0.0400833333333333
2015,Greece,15-24,Female,0.54725
2015,Greece,15-24,Male,0.46399999999999997
2015,Greece,15-24,Total,0.5025833333333334
2015,Greece,25+,Female,0.2723333333333333
2015,Greece,25+,Male,0.20241666666666666
2015,Greece,25+,Total,0.2333333333333333
2015,Hungary,15-24,Female,0.15825
2015,Hungary,15-24,Male,0.17700000000000002
2015,Hungary,15-24,Total,0.16874999999999998
2015,Hungary,25+,Female,0.05833333333333331
2015,Hungary,25+,Male,0.0555
2015,Hungary,25+,Total,0.056916666666666664
2015,Iceland,15-24,Female,0.07333333333333333
2015,Iceland,15-24,Male,0.12483333333333334
2015,Iceland,15-24,Total,0.09949999999999998
2015,Iceland,25+,Female,0.03783333333333332
2015,Iceland,25+,Male,0.030499999999999975
2015,Iceland,25+,Total,0.03383333333333332
2015,Ireland,15-24,Female,0.16416666666666666
2015,Ireland,15-24,Male,0.23591666666666666
2015,Ireland,15-24,Total,0.20274999999999999
2015,Ireland,25+,Female,0.07849999999999999
2015,Ireland,25+,Male,0.09066666666666666
2015,Ireland,25+,Total,0.08516666666666663
2015,Italy,15-24,Female,0.4235
2015,Italy,15-24,Male,0.387
2015,Italy,15-24,Total,0.4021666666666666
2015,Italy,25+,Female,0.10975
2015,Italy,25+,Male,0.09600000000000002
2015,Italy,25+,Total,0.10175000000000001
2015,Latvia,15-24,Female,0.14091666666666666
2015,Latvia,15-24,Male,0.18008333333333335
2015,Latvia,15-24,Total,0.16358333333333333
2015,Latvia,25+,Female,0.08199999999999998
2015,Latvia,25+,Male,0.10383333333333332
2015,Latvia,25+,Total,0.09283333333333332
2015,Lithuania,15-24,Female,0.1665833333333333
2015,Lithuania,15-24,Male,0.15925
2015,Lithuania,15-24,Total,0.16274999999999998
2015,Lithuania,25+,Female,0.075
2015,Lithuania,25+,Male,0.09508333333333331
2015,Lithuania,25+,Total,0.08474999999999999
2015,Netherlands,15-24,Female,0.11691666666666661
2015,Netherlands,15-24,Male,0.1345833333333333
2015,Netherlands,15-24,Total,0.12575
2015,Netherlands,25+,Female,0.07625
2015,Netherlands,25+,Male,0.063
2015,Netherlands,25+,Total,0.06908333333333333
2015,Norway,15-24,Female,0.11249999999999998
2015,Norway,15-24,Male,0.13216666666666663
2015,Norway,15-24,Total,0.12224999999999998
2015,Norway,25+,Female,0.03041666666666665
2015,Norway,25+,Male,0.03808333333333332
2015,Norway,25+,Total,0.03441666666666666
2015,Slovak Republic,15-24,Female,0.3020833333333333
2015,Slovak Republic,15-24,Male,0.2608333333333333
2015,Slovak Republic,15-24,Total,0.2771666666666666
2015,Slovak Republic,25+,Female,0.11824999999999997
2015,Slovak Republic,25+,Male,0.08599999999999998
2015,Slovak Republic,25+,Total,0.10133333333333332
2015,Slovenia,15-24,Female,0.14875000000000002
2015,Slovenia,15-24,Male,0.1765
2015,Slovenia,15-24,Total,0.16425
2015,Slovenia,25+,Female,0.09749999999999999
2015,Slovenia,25+,Male,0.07316666666666667
2015,Slovenia,25+,Total,0.08424999999999999
2015,Spain,15-24,Female,0.4796666666666667
2015,Spain,15-24,Male,0.48608333333333337
2015,Spain,15-24,Total,0.4830833333333333
2015,Spain,25+,Female,0.21758333333333332
2015,Spain,25+,Male,0.18758333333333332
2015,Spain,25+,Total,0.2015833333333333
2015,United States of America,15-24,Female,0.10373513871141304
2015,United States of America,15-24,Male,0.12762866495679367
2015,United States of America,15-24,Total,0.11601920769706738
2015,United States of America,25+,Female,0.043288923646197415
2015,United States of America,25+,Male,0.04257427142391262
2015,United States of America,25+,Total,0.04290119569197948
2016,Canada,15-24,Female,0.10668532421006545
2016,Canada,15-24,Male,0.1443433815446368
2016,Canada,15-24,Total,0.12598037972897494
2016,Canada,25+,Female,0.05498698500727244
2016,Canada,25+,Male,0.06619578789470436
2016,Canada,25+,Total,0.06092743278513899
2016,Czechia,15-24,Female,0.11374999999999998
2016,Czechia,15-24,Male,0.09933333333333333
2016,Czechia,15-24,Total,0.10524999999999997
2016,Czechia,25+,Female,0.042916666666666665
2016,Czechia,25+,Male,0.028916666666666622
2016,Czechia,25+,Total,0.035166666666666666
2016,France,15-24,Female,0.27975
2016,France,15-24,Male,0.242
2016,France,15-24,Total,0.2595
2016,France,25+,Female,0.08049999999999997
2016,France,25+,Male,0.08683333333333332
2016,France,25+,Total,0.08383333333333333
2016,Germany,15-24,Female,0.06508333333333334
2016,Germany,15-24,Male,0.083
2016,Germany,15-24,Total,0.07466666666666666
2016,Germany,25+,Female,0.03233333333333332
2016,Germany,25+,Male,0.03808333333333333
2016,Germany,25+,Total,0.035416666666666666
2016,Greece,15-24,Female,0.5204166666666666
2016,Greece,15-24,Male,0.44625
2016,Greece,15-24,Total,0.48066666666666663
2016,Greece,25+,Female,0.26999999999999996
2016,Greece,25+,Male,0.18758333333333332
2016,Greece,25+,Total,0.22416666666666663
2016,Hungary,15-24,Female,0.12491666666666668
2016,Hungary,15-24,Male,0.12808333333333333
2016,Hungary,15-24,Total,0.12666666666666668
2016,Hungary,25+,Female,0.04291666666666665
2016,Hungary,25+,Male,0.04258333333333333
2016,Hungary,25+,Total,0.04274999999999999
2016,Iceland,15-24,Female,0.06858333333333333
2016,Iceland,15-24,Male,0.09433333333333331
2016,Iceland,15-24,Total,0.08174999999999998
2016,Iceland,25+,Female,0.026333333333333334
2016,Iceland,25+,Male,0.02433333333333333
2016,Iceland,25+,Total,0.025249999999999998
2016,Ireland,15-24,Female,0.13449999999999998
2016,Ireland,15-24,Male,0.19649999999999998
2016,Ireland,15-24,Total,0.16758333333333333
2016,Ireland,25+,Female,0.06716666666666667
2016,Ireland,25+,Male,0.07566666666666665
2016,Ireland,25+,Total,0.07208333333333333
2016,Italy,15-24,Female,0.39399999999999996
2016,Italy,15-24,Male,0.36325
2016,Italy,15-24,Total,0.37633333333333335
2016,Italy,25+,Female,0.11074999999999997
2016,Italy,25+,Male,0.09249999999999999
2016,Italy,25+,Total,0.10024999999999995
2016,Latvia,15-24,Female,0.12191666666666667
2016,Latvia,15-24,Male,0.21216666666666664
2016,Latvia,15-24,Total,0.1725
2016,Latvia,25+,Female,0.08125
2016,Latvia,25+,Male,0.09933333333333332
2016,Latvia,25+,Total,0.09041666666666666
2016,Lithuania,15-24,Female,0.12616666666666668
2016,Lithuania,15-24,Male,0.15874999999999997
2016,Lithuania,15-24,Total,0.1445833333333333
2016,Lithuania,25+,Female,0.06216666666666667
2016,Lithuania,25+,Male,0.08424999999999999
2016,Lithuania,25+,Total,0.07308333333333333
2016,Netherlands,15-24,Female,0.10774999999999997
2016,Netherlands,15-24,Male,0.13475
2016,Netherlands,15-24,Total,0.121
2016,Netherlands,25+,Female,0.06833333333333334
2016,Netherlands,25+,Male,0.051583333333333314
2016,Netherlands,25+,Total,0.05933333333333332
2016,Norway,15-24,Female,0.11724999999999997
2016,Norway,15-24,Male,0.144
2016,Norway,15-24,Total,0.13049999999999998
2016,Norway,25+,Female,0.029749999999999974
2016,Norway,25+,Male,0.041583333333333326
2016,Norway,25+,Total,0.03599999999999999
2016,Slovak Republic,15-24,Female,0.29
2016,Slovak Republic,15-24,Male,0.1998333333333333
2016,Slovak Republic,15-24,Total,0.23466666666666666
2016,Slovak Republic,25+,Female,0.09683333333333333
2016,Slovak Republic,25+,Male,0.07516666666666666
2016,Slovak Republic,25+,Total,0.08558333333333333
2016,Slovenia,15-24,Female,0.14725
2016,Slovenia,15-24,Male,0.15725
2016,Slovenia,15-24,Total,0.15274999999999997
2016,Slovenia,25+,Female,0.08174999999999999
2016,Slovenia,25+,Male,0.06866666666666667
2016,Slovenia,25+,Total,0.075
2016,Spain,15-24,Female,0.44858333333333333
2016,Spain,15-24,Male,0.4400833333333333
2016,Spain,15-24,Total,0.44399999999999995
2016,Spain,25+,Female,0.1975833333333333
2016,Spain,25+,Male,0.16324999999999998
2016,Spain,25+,Total,0.17933333333333332
2016,United States of America,15-24,Female,0.09313503207112472
2016,United States of America,15-24,Male,0.11427470146066758
2016,United States of America,15-24,Total,0.10404545358656046
2016,United States of America,25+,Female,0.04062652871494473
2016,United States of America,25+,Male,0.03975693938343373
2016,United States of America,25+,Total,0.04015665776018102
2017,Canada,15-24,Female,0.09553236756855825
2017,Canada,15-24,Male,0.12817113358044716
2017,Canada,15-24,Total,0.11245444931671172
2017,Canada,25+,Female,0.05293255040993572
2017,Canada,25+,Male,0.058909169286779695
2017,Canada,25+,Total,0.056087172201879844
2017,Czechia,15-24,Female,0.08774999999999998
2017,Czechia,15-24,Male,0.07491666666666666
2017,Czechia,15-24,Total,0.08024999999999999
2017,Czechia,25+,Female,0.032833333333333325
2017,Czechia,25+,Male,0.019916666666666666
2017,Czechia,25+,Total,0.025499999999999978
2017,France,15-24,Female,0.24949999999999997
2017,France,15-24,Male,0.2228333333333333
2017,France,15-24,Total,0.235
2017,France,25+,Female,0.07841666666666665
2017,France,25+,Male,0.08016666666666665
2017,France,25+,Total,0.0795
2017,Germany,15-24,Female,0.06125
2017,Germany,15-24,Male,0.0785
2017,Germany,15-24,Total,0.07058333333333333
2017,Germany,25+,Female,0.028249999999999918
2017,Germany,25+,Male,0.0345
2017,Germany,25+,Total,0.03175
2017,Greece,15-24,Female,0.48783333333333334
2017,Greece,15-24,Male,0.40441666666666665
2017,Greece,15-24,Total,0.44475
2017,Greece,25+,Female,0.24983333333333335
2017,Greece,25+,Male,0.16949999999999998
2017,Greece,25+,Total,0.2048333333333333
2017,Hungary,15-24,Female,0.11516666666666664
2017,Hungary,15-24,Male,0.10074999999999999
2017,Hungary,15-24,Total,0.10708333333333332
2017,Hungary,25+,Female,0.03675
2017,Hungary,25+,Male,0.03333333333333333
2017,Hungary,25+,Total,0.034916666666666665
2017,Iceland,15-24,Female,0.07508333333333334
2017,Iceland,15-24,Male,0.09033333333333333
2017,Iceland,15-24,Total,0.083
2017,Iceland,25+,Female,0.021416666666666667
2017,Iceland,25+,Male,0.02366666666666667
2017,Iceland,25+,Total,0.022583333333333334
2017,Ireland,15-24,Female,0.12591666666666665
2017,Ireland,15-24,Male,0.15991666666666668
2017,Ireland,15-24,Total,0.14366666666666666
2017,Ireland,25+,Female,0.0545
2017,Ireland,25+,Male,0.05983333333333333
2017,Ireland,25+,Total,0.05733333333333329
2017,Italy,15-24,Female,0.37349999999999994
2017,Italy,15-24,Male,0.33049999999999996
2017,Italy,15-24,Total,0.34841666666666665
2017,Italy,25+,Female,0.10924999999999997
2017,Italy,25+,Male,0.08949999999999998
2017,Italy,25+,Total,0.09800000000000002
2017,Latvia,15-24,Female,0.15333333333333332
2017,Latvia,15-24,Male,0.18425
2017,Latvia,15-24,Total,0.17091666666666663
2017,Latvia,25+,Female,0.0715
2017,Latvia,25+,Male,0.08999999999999998
2017,Latvia,25+,Total,0.0805833333333333
2017,Lithuania,15-24,Female,0.11674999999999996
2017,Lithuania,15-24,Male,0.1455
2017,Lithuania,15-24,Total,0.13258333333333333
2017,Lithuania,25+,Female,0.05249999999999999
2017,Lithuania,25+,Male,0.07991666666666665
2017,Lithuania,25+,Total,0.06583333333333334
2017,Netherlands,15-24,Female,0.09516666666666664
2017,Netherlands,15-24,Male,0.11216666666666664
2017,Netherlands,15-24,Total,0.10358333333333332
2017,Netherlands,25+,Female,0.05683333333333331
2017,Netherlands,25+,Male,0.04291666666666666
2017,Netherlands,25+,Total,0.049166666666666664
2017,Norway,15-24,Female,0.11483333333333334
2017,Norway,15-24,Male,0.13583333333333333
2017,Norway,15-24,Total,0.12533333333333332
2017,Norway,25+,Female,0.027499999999999972
2017,Norway,25+,Male,0.034
2017,Norway,25+,Total,0.0310833333333333
2017,Slovak Republic,15-24,Female,0.22333333333333336
2017,Slovak Republic,15-24,Male,0.18366666666666664
2017,Slovak Republic,15-24,Total,0.1995833333333333
2017,Slovak Republic,25+,Female,0.07583333333333332
2017,Slovak Republic,25+,Male,0.06725
2017,Slovak Republic,25+,Total,0.07141666666666667
2017,Slovenia,15-24,Female,0.129
2017,Slovenia,15-24,Male,0.10074999999999995
2017,Slovenia,15-24,Total,0.11249999999999998
2017,Slovenia,25+,Female,0.07058333333333333
2017,Slovenia,25+,Male,0.05416666666666667
2017,Slovenia,25+,Total,0.06199999999999998
2017,Spain,15-24,Female,0.37424999999999997
2017,Spain,15-24,Male,0.3953333333333333
2017,Spain,15-24,Total,0.38566666666666666
2017,Spain,25+,Female,0.1775
2017,Spain,25+,Male,0.1396666666666667
2017,Spain,25+,Total,0.15725
2017,United States of America,15-24,Female,0.08067481951507428
2017,United States of America,15-24,Male,0.1032232208704683
2017,United States of America,15-24,Total,0.09225701814176762
2017,United States of America,25+,Female,0.03711758365363627
2017,United States of America,25+,Male,0.03529046094627089
2017,United States of America,25+,Total,0.036140155545080516
2018,Canada,15-24,Female,0.09333847280071789
2018,Canada,15-24,Male,0.1195597699542136
2018,Canada,15-24,Total,0.1069610370408131
2018,Canada,25+,Female,0.04865348427017369
2018,Canada,25+,Male,0.051488049059035874
2018,Canada,25+,Total,0.05015001792227549
2018,Czechia,15-24,Female,0.07125
2018,Czechia,15-24,Male,0.06275
2018,Czechia,15-24,Total,0.06624999999999999
2018,Czechia,25+,Female,0.02574999999999999
2018,Czechia,25+,Male,0.01516666666666665
2018,Czechia,25+,Total,0.01983333333333333
2018,France,15-24,Female,0.23458333333333328
2018,France,15-24,Male,0.20824999999999996
2018,France,15-24,Total,0.22016666666666665
2018,France,25+,Female,0.07633333333333332
2018,France,25+,Male,0.07616666666666666
2018,France,25+,Total,0.07625
2018,Germany,15-24,Female,0.05549999999999999
2018,Germany,15-24,Male,0.07491666666666667
2018,Germany,15-24,Total,0.06616666666666667
2018,Germany,25+,Female,0.024833333333333332
2018,Germany,25+,Male,0.03166666666666667
2018,Germany,25+,Total,0.028416666666666576
2018,Greece,15-24,Female,0.45425
2018,Greece,15-24,Male,0.3769166666666666
2018,Greece,15-24,Total,0.4116666666666666
2018,Greece,25+,Female,0.23558333333333334
2018,Greece,25+,Male,0.14608333333333332
2018,Greece,25+,Total,0.1855
2018,Hungary,15-24,Female,0.10599999999999998
2018,Hungary,15-24,Male,0.09583333333333331
2018,Hungary,15-24,Total,0.10016666666666667
2018,Hungary,25+,Female,0.03191666666666667
2018,Hungary,25+,Male,0.028416666666666576
2018,Hungary,25+,Total,0.030166666666666633
2018,Iceland,15-24,Female,0.0685
2018,Iceland,15-24,Male,0.08574999999999999
2018,Iceland,15-24,Total,0.07716666666666666
2018,Iceland,25+,Female,0.021833333333333333
2018,Iceland,25+,Male,0.024416666666666666
2018,Iceland,25+,Total,0.02316666666666667
2018,Ireland,15-24,Female,0.12566666666666668
2018,Ireland,15-24,Male,0.14875
2018,Ireland,15-24,Total,0.13799999999999998
2018,Ireland,25+,Female,0.04766666666666667
2018,Ireland,25+,Male,0.04674999999999999
2018,Ireland,25+,Total,0.04750000000000001
2018,Italy,15-24,Female,0.35074999999999995
2018,Italy,15-24,Male,0.30524999999999997
2018,Italy,15-24,Total,0.324
2018,Italy,25+,Female,0.1035
2018,Italy,25+,Male,0.08424999999999998
2018,Italy,25+,Total,0.09225
2018,Latvia,15-24,Female,0.11758333333333332
2018,Latvia,15-24,Male,0.12649999999999997
2018,Latvia,15-24,Total,0.1225
2018,Latvia,25+,Female,0.06074999999999997
2018,Latvia,25+,Male,0.08058333333333333
2018,Latvia,25+,Total,0.0705
2018,Lithuania,15-24,Female,0.10133333333333333
2018,Lithuania,15-24,Male,0.11999999999999998
2018,Lithuania,15-24,Total,0.11158333333333331
2018,Lithuania,25+,Female,0.051
2018,Lithuania,25+,Male,0.06475
2018,Lithuania,25+,Total,0.05783333333333333
2018,Netherlands,15-24,Female,0.07741666666666666
2018,Netherlands,15-24,Male,0.10074999999999996
2018,Netherlands,15-24,Total,0.08891666666666666
2018,Netherlands,25+,Female,0.04541666666666667
2018,Netherlands,25+,Male,0.035833333333333335
2018,Netherlands,25+,Total,0.04024999999999998
2018,Norway,15-24,Female,0.10483333333333329
2018,Norway,15-24,Male,0.12324999999999998
2018,Norway,15-24,Total,0.11408333333333331
2018,Norway,25+,Female,0.02666666666666664
2018,Norway,25+,Male,0.03058333333333331
2018,Norway,25+,Total,0.028583333333333308
2018,Slovak Republic,15-24,Female,0.18016666666666661
2018,Slovak Republic,15-24,Male,0.144
2018,Slovak Republic,15-24,Total,0.15783333333333333
2018,Slovak Republic,25+,Female,0.06441666666666666
2018,Slovak Republic,25+,Male,0.05291666666666665
2018,Slovak Republic,25+,Total,0.058499999999999976
2018,Slovenia,15-24,Female,0.09499999999999997
2018,Slovenia,15-24,Male,0.08325
2018,Slovenia,15-24,Total,0.08850000000000001
2018,Slovenia,25+,Female,0.054583333333333296
2018,Slovenia,25+,Male,0.042833333333333334
2018,Slovenia,25+,Total,0.04816666666666666
2018,Spain,15-24,Female,0.33291666666666664
2018,Spain,15-24,Male,0.3524166666666666
2018,Spain,15-24,Total,0.34333333333333327
2018,Spain,25+,Female,0.15899999999999997
2018,Spain,25+,Male,0.12183333333333331
2018,Spain,25+,Total,0.13899999999999998
2018,United States of America,15-24,Female,0.07651050365538087
2018,United States of America,15-24,Male,0.09495331849563683
2018,United States of America,15-24,Total,0.08593065108760013
2018,United States of America,25+,Female,0.032387283542736026
2018,United States of America,25+,Male,0.03157651692863519
2018,United States of America,25+,Total,0.03195221291309344
2019,Canada,15-24,Female,0.09294528957818815
2019,Canada,15-24,Male,0.12061804615452643
2019,Canada,15-24,Total,0.10719667402080237
2019,Canada,25+,Female,0.04551662522078265
2019,Canada,25+,Male,0.050861700405289305
2019,Canada,25+,Total,0.04833341342205432
2019,Czechia,15-24,Female,0.06041666666666665
2019,Czechia,15-24,Male,0.05491666666666667
2019,Czechia,15-24,Total,0.057
2019,Czechia,25+,Female,0.021916666666666668
2019,Czechia,25+,Male,0.01525
2019,Czechia,25+,Total,0.01825
2019,France,15-24,Female,0.21591666666666665
2019,France,15-24,Male,0.20016666666666663
2019,France,15-24,Total,0.20741666666666667
2019,France,25+,Female,0.07041666666666667
2019,France,25+,Male,0.07175
2019,France,25+,Total,0.07125
2019,Germany,15-24,Female,0.050749999999999997
2019,Germany,15-24,Male,0.07091666666666667
2019,Germany,15-24,Total,0.06175
2019,Germany,25+,Female,0.02316666666666667
2019,Germany,25+,Male,0.0291666666666666
2019,Germany,25+,Total,0.026333333333333323
2019,Greece,15-24,Female,0.40991666666666665
2019,Greece,15-24,Male,0.34274999999999994
2019,Greece,15-24,Total,0.37399999999999994
2019,Greece,25+,Female,0.21166666666666667
2019,Greece,25+,Male,0.13258333333333333
2019,Greece,25+,Total,0.16758333333333333
2019,Hungary,15-24,Female,0.11033333333333332
2019,Hungary,15-24,Male,0.11133333333333333
2019,Hungary,15-24,Total,0.11108333333333331
2019,Hungary,25+,Female,0.028333333333333252
2019,Hungary,25+,Male,0.026333333333333334
2019,Hungary,25+,Total,0.027333333333333303
2019,Iceland,15-24,Female,0.06974999999999996
2019,Iceland,15-24,Male,0.11391666666666665
2019,Iceland,15-24,Total,0.09166666666666667
2019,Iceland,25+,Female,0.02999999999999999
2019,Iceland,25+,Male,0.02958333333333332
2019,Iceland,25+,Total,0.02991666666666665
2019,Ireland,15-24,Female,0.10633333333333332
2019,Ireland,15-24,Male,0.14066666666666666
2019,Ireland,15-24,Total,0.12425000000000001
2019,Ireland,25+,Female,0.038916666666666655
2019,Ireland,25+,Male,0.04058333333333331
2019,Ireland,25+,Total,0.0398333333333333
2019,Italy,15-24,Female,0.31275000000000003
2019,Italy,15-24,Male,0.27649999999999997
2019,Italy,15-24,Total,0.29141666666666666
2019,Italy,25+,Female,0.09824999999999995
2019,Italy,25+,Male,0.07825
2019,Italy,25+,Total,0.08700000000000001
2019,Latvia,15-24,Female,0.10074999999999999
2019,Latvia,15-24,Male,0.14166666666666666
2019,Latvia,15-24,Total,0.12424999999999999
2019,Latvia,25+,Female,0.051416666666666666
2019,Latvia,25+,Male,0.0665
2019,Latvia,25+,Total,0.058833333333333314
2019,Lithuania,15-24,Female,0.09274999999999999
2019,Lithuania,15-24,Male,0.14166666666666666
2019,Lithuania,15-24,Total,0.11874999999999998
2019,Lithuania,25+,Female,0.05258333333333332
2019,Lithuania,25+,Male,0.0645
2019,Lithuania,25+,Total,0.058499999999999976
2019,Netherlands,15-24,Female,0.0735
2019,Netherlands,15-24,Male,0.09608333333333331
2019,Netherlands,15-24,Total,0.08466666666666665
2019,Netherlands,25+,Female,0.03916666666666666
2019,Netherlands,25+,Male,0.03275
2019,Netherlands,25+,Total,0.03575
2019,Norway,15-24,Female,0.1140833333333333
2019,Norway,15-24,Male,0.11974999999999997
2019,Norway,15-24,Total,0.11691666666666665
2019,Norway,25+,Female,0.023250000000000003
2019,Norway,25+,Male,0.02933333333333332
2019,Norway,25+,Total,0.026416666666666644
2019,Slovak Republic,15-24,Female,0.21658333333333332
2019,Slovak Republic,15-24,Male,0.14183333333333334
2019,Slovak Republic,15-24,Total,0.17025
2019,Slovak Republic,25+,Female,0.052083333333333336
2019,Slovak Republic,25+,Male,0.04791666666666666
2019,Slovak Republic,25+,Total,0.049916666666666665
2019,Slovenia,15-24,Female,0.09275
2019,Slovenia,15-24,Male,0.07399999999999997
2019,Slovenia,15-24,Total,0.08175
2019,Slovenia,25+,Female,0.04674999999999999
2019,Slovenia,25+,Male,0.03749999999999999
2019,Slovenia,25+,Total,0.041749999999999975
2019,Spain,15-24,Female,0.3445833333333333
2019,Spain,15-24,Male,0.3093333333333333
2019,Spain,15-24,Total,0.32541666666666663
2019,Spain,25+,Female,0.14708333333333332
2019,Spain,25+,Male,0.11108333333333331
2019,Spain,25+,Total,0.12766666666666668
2019,United States of America,15-24,Female,0.07321318805723749
2019,United States of America,15-24,Male,0.09403844779071287
2019,United States of America,15-24,Total,0.08379726877689904
2019,United States of America,25+,Female,0.030298868547944762
2019,United States of America,25+,Male,0.02919358303789985
2019,United States of America,25+,Total,0.029705677583092727
2020,Canada,15-24,Female,0.19567432553741035
2020,Canada,15-24,Male,0.20612087467002552
2020,Canada,15-24,Total,0.20095789805295508
2020,Canada,25+,Female,0.07918661615807221
2020,Canada,25+,Male,0.08074280396267751
2020,Canada,25+,Total,0.08000014157930284
2020,Czechia,15-24,Female,0.09266666666666666
2020,Czechia,15-24,Male,0.0715
2020,Czechia,15-24,Total,0.07949999999999997
2020,Czechia,25+,Female,0.026833333333333334
2020,Czechia,25+,Male,0.01941666666666667
2020,Czechia,25+,Total,0.022749999999999992
2020,France,15-24,Female,0.23566666666666666
2020,France,15-24,Male,0.19799999999999998
2020,France,15-24,Total,0.21516666666666664
2020,France,25+,Female,0.06466666666666665
2020,France,25+,Male,0.068
2020,France,25+,Total,0.06641666666666667
2020,Germany,15-24,Female,0.07024999999999999
2020,Germany,15-24,Male,0.0805
2020,Germany,15-24,Total,0.07599999999999997
2020,Germany,25+,Female,0.028499999999999984
2020,Germany,25+,Male,0.035666666666666666
2020,Germany,25+,Total,0.03233333333333332
2020,Greece,15-24,Female,0.4320833333333333
2020,Greece,15-24,Male,0.34525
2020,Greece,15-24,Total,0.3833333333333333
2020,Greece,25+,Female,0.20366666666666663
2020,Greece,25+,Male,0.13541666666666666
2020,Greece,25+,Total,0.16508333333333333
2020,Hungary,15-24,Female,0.13774999999999998
2020,Hungary,15-24,Male,0.12283333333333331
2020,Hungary,15-24,Total,0.12925
2020,Hungary,25+,Female,0.035666666666666645
2020,Hungary,25+,Male,0.03449999999999999
2020,Hungary,25+,Total,0.034999999999999976
2020,Iceland,15-24,Female,0.10574999999999997
2020,Iceland,15-24,Male,0.12925
2020,Iceland,15-24,Total,0.11733333333333329
2020,Iceland,25+,Female,0.051833333333333335
2020,Iceland,25+,Male,0.04858333333333331
2020,Iceland,25+,Total,0.04999999999999999
2020,Ireland,15-24,Female,0.1585
2020,Ireland,15-24,Male,0.15775
2020,Ireland,15-24,Total,0.15833333333333333
2020,Ireland,25+,Female,0.04533333333333334
2020,Ireland,25+,Male,0.04641666666666666
2020,Ireland,25+,Total,0.045916666666666654
2020,Italy,15-24,Female,0.32149999999999995
2020,Italy,15-24,Male,0.28375
2020,Italy,15-24,Total,0.29824999999999996
2020,Italy,25+,Female,0.09224999999999998
2020,Italy,25+,Male,0.07325
2020,Italy,25+,Total,0.08125
2020,Latvia,15-24,Female,0.15641666666666665
2020,Latvia,15-24,Male,0.13808333333333334
2020,Latvia,15-24,Total,0.14666666666666667
2020,Latvia,25+,Female,0.06608333333333333
2020,Latvia,25+,Male,0.08758333333333333
2020,Latvia,25+,Total,0.07674999999999998
2020,Lithuania,15-24,Female,0.17433333333333334
2020,Lithuania,15-24,Male,0.216
2020,Lithuania,15-24,Total,0.19699999999999998
2020,Lithuania,25+,Female,0.07083333333333332
2020,Lithuania,25+,Male,0.08325
2020,Lithuania,25+,Total,0.07691666666666665
2020,Netherlands,15-24,Female,0.09799999999999998
2020,Netherlands,15-24,Male,0.11449999999999999
2020,Netherlands,15-24,Total,0.10616666666666665
2020,Netherlands,25+,Female,0.04058333333333333
2020,Netherlands,25+,Male,0.03324999999999998
2020,Netherlands,25+,Total,0.03649999999999999
2020,Norway,15-24,Female,0.128
2020,Norway,15-24,Male,0.1373333333333333
2020,Norway,15-24,Total,0.13266666666666663
2020,Norway,25+,Female,0.03125
2020,Norway,25+,Male,0.03691666666666667
2020,Norway,25+,Total,0.03433333333333332
2020,Slovak Republic,15-24,Female,0.23458333333333334
2020,Slovak Republic,15-24,Male,0.18499999999999997
2020,Slovak Republic,15-24,Total,0.20358333333333334
2020,Slovak Republic,25+,Female,0.06333333333333331
2020,Slovak Republic,25+,Male,0.05358333333333332
2020,Slovak Republic,25+,Total,0.05816666666666665
2020,Slovenia,15-24,Female,0.162
2020,Slovenia,15-24,Male,0.13074999999999998
2020,Slovenia,15-24,Total,0.144
2020,Slovenia,25+,Female,0.05083333333333329
2020,Slovenia,25+,Male,0.038416666666666634
2020,Slovenia,25+,Total,0.04416666666666667
2020,Spain,15-24,Female,0.3981666666666666
2020,Spain,15-24,Male,0.3719166666666667
2020,Spain,15-24,Total,0.38375
2020,Spain,25+,Female,0.15991666666666662
2020,Spain,25+,Male,0.1225
2020,Spain,25+,Total,0.14016666666666666
2020,United States of America,15-24,Female,0.15018277817797673
2020,United States of America,15-24,Male,0.15097262971964656
2020,United States of America,15-24,Total,0.1505652339861008
2020,United States of America,25+,Female,0.0740722677324044
2020,United States of America,25+,Male,0.06830434693491882
2020,United States of America,25+,Total,0.07098461346141753
2021,Canada,15-24,Female,0.12671663833544564
2021,Canada,15-24,Male,0.14555396692038391
2021,Canada,15-24,Total,0.13641883170115557
2021,Canada,25+,Female,0.06479329461945167
2021,Canada,25+,Male,0.06628768778131759
2021,Canada,25+,Total,0.06557837696987641
2021,Czechia,15-24,Female,0.09091666666666666
2021,Czechia,15-24,Male,0.0755
2021,Czechia,15-24,Total,0.08149999999999998
2021,Czechia,25+,Female,0.03191666666666665
2021,Czechia,25+,Male,0.02033333333333333
2021,Czechia,25+,Total,0.025499999999999978
2021,France,15-24,Female,0.1888333333333333
2021,France,15-24,Male,0.1898333333333333
2021,France,15-24,Total,0.1895
2021,France,25+,Female,0.06558333333333334
2021,France,25+,Male,0.06675
2021,France,25+,Total,0.06641666666666667
2021,Germany,15-24,Female,0.06391666666666666
2021,Germany,15-24,Male,0.073
2021,Germany,15-24,Total,0.06899999999999999
2021,Germany,25+,Female,0.02841666666666665
2021,Germany,25+,Male,0.0355
2021,Germany,25+,Total,0.032249999999999994
2021,Greece,15-24,Female,0.40700000000000003
2021,Greece,15-24,Male,0.3074166666666666
2021,Greece,15-24,Total,0.35391666666666666
2021,Greece,25+,Female,0.17966666666666664
2021,Greece,25+,Male,0.10483333333333332
2021,Greece,25+,Total,0.13791666666666666
2021,Hungary,15-24,Female,0.149
2021,Hungary,15-24,Male,0.12349999999999998
2021,Hungary,15-24,Total,0.13433333333333333
2021,Hungary,25+,Female,0.03525
2021,Hungary,25+,Male,0.03358333333333333
2021,Hungary,25+,Total,0.034333333333333334
2021,Iceland,15-24,Female,0.09391666666666665
2021,Iceland,15-24,Male,0.11499999999999999
2021,Iceland,15-24,Total,0.10449999999999998
2021,Iceland,25+,Female,0.05233333333333332
2021,Iceland,25+,Male,0.04366666666666666
2021,Iceland,25+,Total,0.047666666666666656
2021,Ireland,15-24,Female,0.15183333333333332
2021,Ireland,15-24,Male,0.14525
2021,Ireland,15-24,Total,0.14825
2021,Ireland,25+,Female,0.048833333333333305
2021,Ireland,25+,Male,0.05166666666666666
2021,Ireland,25+,Total,0.05041666666666664
2021,Italy,15-24,Female,0.328
2021,Italy,15-24,Male,0.2755
2021,Italy,15-24,Total,0.2960833333333333
2021,Italy,25+,Female,0.09424999999999999
2021,Italy,25+,Male,0.0745
2021,Italy,25+,Total,0.083
2021,Latvia,15-24,Female,0.14833333333333332
2021,Latvia,15-24,Male,0.14658333333333332
2021,Latvia,15-24,Total,0.1475
2021,Latvia,25+,Female,0.06108333333333332
2021,Latvia,25+,Male,0.0805
2021,Latvia,25+,Total,0.07083333333333333
2021,Lithuania,15-24,Female,0.14741666666666667
2021,Lithuania,15-24,Male,0.13949999999999999
2021,Lithuania,15-24,Total,0.14325
2021,Lithuania,25+,Female,0.06091666666666665
2021,Lithuania,25+,Male,0.07125
2021,Lithuania,25+,Total,0.06591666666666667
2021,Netherlands,15-24,Female,0.08983333333333332
2021,Netherlands,15-24,Male,0.09775
2021,Netherlands,15-24,Total,0.09366666666666666
2021,Netherlands,25+,Female,0.034749999999999996
2021,Netherlands,25+,Male,0.02849999999999996
2021,Netherlands,25+,Total,0.03149999999999998
2021,Norway,15-24,Female,0.11733333333333333
2021,Norway,15-24,Male,0.13291666666666663
2021,Norway,15-24,Total,0.12541666666666665
2021,Norway,25+,Female,0.02916666666666665
2021,Norway,25+,Male,0.034083333333333306
2021,Norway,25+,Total,0.03191666666666665
2021,Slovak Republic,15-24,Female,0.22191666666666665
2021,Slovak Republic,15-24,Male,0.19791666666666666
2021,Slovak Republic,15-24,Total,0.20725000000000002
2021,Slovak Republic,25+,Female,0.06341666666666666
2021,Slovak Republic,25+,Male,0.057916666666666644
2021,Slovak Republic,25+,Total,0.06049999999999999
2021,Slovenia,15-24,Female,0.14575000000000002
2021,Slovenia,15-24,Male,0.11775000000000001
2021,Slovenia,15-24,Total,0.13025
2021,Slovenia,25+,Female,0.04699999999999999
2021,Slovenia,25+,Male,0.037166666666666646
2021,Slovenia,25+,Total,0.04149999999999998
2021,Spain,15-24,Female,0.3625833333333333
2021,Spain,15-24,Male,0.3400833333333333
2021,Spain,15-24,Total,0.35033333333333333
2021,Spain,25+,Female,0.15541666666666668
2021,Spain,25+,Male,0.11758333333333332
2021,Spain,25+,Total,0.13549999999999998
2021,United States of America,15-24,Female,0.08896350339970356
2021,United States of America,15-24,Male,0.1052953251599813
2021,United States of America,15-24,Total,0.09729228696990573
2021,United States of America,25+,Female,0.04650811327916749
2021,United States of America,25+,Male,0.04759405086037386
2021,United States of America,25+,Total,0.047084430659523835
2022,Canada,15-24,Female,0.08930878787223229
2022,Canada,15-24,Male,0.11222451628514153
2022,Canada,15-24,Total,0.10094682424108398
2022,Canada,25+,Female,0.044997789556320354
2022,Canada,25+,Male,0.045016185087777556
2022,Canada,25+,Total,0.0449993309793188
2022,Czechia,15-24,Female,0.085
2022,Czechia,15-24,Male,0.06916666666666665
2022,Czechia,15-24,Total,0.07575
2022,Czechia,25+,Female,0.026416666666666627
2022,Czechia,25+,Male,0.016666666666666666
2022,Czechia,25+,Total,0.021083333333333332
2022,France,15-24,Female,0.15991666666666668
2022,France,15-24,Male,0.18458333333333332
2022,France,15-24,Total,0.17299999999999996
2022,France,25+,Female,0.061333333333333316
2022,France,25+,Male,0.060666666666666653
2022,France,25+,Total,0.06091666666666667
2022,Germany,15-24,Female,0.053583333333333316
2022,Germany,15-24,Male,0.06183333333333333
2022,Germany,15-24,Total,0.05808333333333329
2022,Germany,25+,Female,0.025416666666666667
2022,Germany,25+,Male,0.029249999999999925
2022,Germany,25+,Total,0.027333333333333307
2022,Greece,15-24,Female,0.3858333333333333
2022,Greece,15-24,Male,0.25116666666666665
2022,Greece,15-24,Total,0.313
2022,Greece,25+,Female,0.1515
2022,Greece,25+,Male,0.08458333333333333
2022,Greece,25+,Total,0.11399999999999998
2022,Hungary,15-24,Female,0.10225
2022,Hungary,15-24,Male,0.11191666666666666
2022,Hungary,15-24,Total,0.10775
2022,Hungary,25+,Female,0.03233333333333333
2022,Hungary,25+,Male,0.03233333333333333
2022,Hungary,25+,Total,0.03241666666666667
2022,Iceland,15-24,Female,0.06224999999999998
2022,Iceland,15-24,Male,0.10791666666666665
2022,Iceland,15-24,Total,0.08541666666666665
2022,Iceland,25+,Female,0.03116666666666665
2022,Iceland,25+,Male,0.031166666666666665
2022,Iceland,25+,Total,0.03116666666666666
2022,Ireland,15-24,Female,0.09949999999999999
2022,Ireland,15-24,Male,0.10099999999999999
2022,Ireland,15-24,Total,0.10033333333333333
2022,Ireland,25+,Female,0.03766666666666666
2022,Ireland,25+,Male,0.03525
2022,Ireland,25+,Total,0.03633333333333332
2022,Italy,15-24,Female,0.25775
2022,Italy,15-24,Male,0.22275
2022,Italy,15-24,Total,0.23658333333333328
2022,Italy,25+,Female,0.08399999999999998
2022,Italy,25+,Male,0.06125
2022,Italy,25+,Total,0.0715
2022,Latvia,15-24,Female,0.09916666666666667
2022,Latvia,15-24,Male,0.19074999999999998
2022,Latvia,15-24,Total,0.15066666666666664
2022,Latvia,25+,Female,0.052333333333333336
2022,Latvia,25+,Male,0.07216666666666667
2022,Latvia,25+,Total,0.06241666666666667
2022,Lithuania,15-24,Female,0.1040833333333333
2022,Lithuania,15-24,Male,0.13066666666666663
2022,Lithuania,15-24,Total,0.11791666666666663
2022,Lithuania,25+,Female,0.05166666666666666
2022,Lithuania,25+,Male,0.058999999999999976
2022,Lithuania,25+,Total,0.055333333333333325
2022,Netherlands,15-24,Female,0.0795
2022,Netherlands,15-24,Male,0.073
2022,Netherlands,15-24,Total,0.07625
2022,Netherlands,25+,Female,0.028416666666666632
2022,Netherlands,25+,Male,0.024583333333333332
2022,Netherlands,25+,Total,0.026499999999999968
2022,Norway,15-24,Female,0.08558333333333333
2022,Norway,15-24,Male,0.11175
2022,Norway,15-24,Total,0.09891666666666667
2022,Norway,25+,Female,0.02075
2022,Norway,25+,Male,0.022333333333333334
2022,Norway,25+,Total,0.021583333333333333
2022,Slovak Republic,15-24,Female,0.21683333333333332
2022,Slovak Republic,15-24,Male,0.18891666666666665
2022,Slovak Republic,15-24,Total,0.1990833333333333
2022,Slovak Republic,25+,Female,0.05741666666666661
2022,Slovak Republic,25+,Male,0.051583333333333335
2022,Slovak Republic,25+,Total,0.05441666666666666
2022,Slovenia,15-24,Female,0.119
2022,Slovenia,15-24,Male,0.08624999999999995
2022,Slovenia,15-24,Total,0.10074999999999996
2022,Slovenia,25+,Female,0.03741666666666665
2022,Slovenia,25+,Male,0.03375
2022,Slovenia,25+,Total,0.035416666666666666
2022,Spain,15-24,Female,0.30875
2022,Spain,15-24,Male,0.2865833333333333
2022,Spain,15-24,Total,0.29675
2022,Spain,25+,Female,0.1376666666666667
2022,Spain,25+,Male,0.10108333333333332
2022,Spain,25+,Total,0.1183333333333333
2022,United States of America,15-24,Female,0.07448608187049106
2022,United States of America,15-24,Male,0.0875864316145884
2022,United States of America,15-24,Total,0.08117398498365931
2022,United States of America,25+,Female,0.030166501615236468
2022,United States of America,25+,Male,0.029678767374811125
2022,United States of America,25+,Total,0.029905469891805366
2023,Canada,15-24,Female,0.0988907148226784
2023,Canada,15-24,Male,0.11434743634288021
2023,Canada,15-24,Total,0.10699520286123354
2023,Canada,25+,Female,0.04377472314492536
2023,Canada,25+,Male,0.04533211019928205
2023,Canada,25+,Total,0.04461131316133577
2023,Czechia,15-24,Female,0.08714721046192941
2023,Czechia,15-24,Male,0.08375197295665833
2023,Czechia,15-24,Total,0.08550164561601847
2023,Czechia,25+,Female,0.028281868558396737
2023,Czechia,25+,Male,0.01878394879225615
2023,Czechia,25+,Total,0.022805053529992687
2023,France,15-24,Female,0.16148053878723634
2023,France,15-24,Male,0.18270799634178728
2023,France,15-24,Total,0.17284376977205396
2023,France,25+,Female,0.062016696550751066
2023,France,25+,Male,0.06102975401570578
2023,France,25+,Total,0.06164169655075108
2023,Germany,15-24,Female,0.05054024271829152
2023,Germany,15-24,Male,0.06492270315947725
2023,Germany,15-24,Total,0.05837676317494749
2023,Germany,25+,Female,0.025583080450024175
2023,Germany,25+,Male,0.028647321793897836
2023,Germany,25+,Total,0.02721250431211584
2023,Greece,15-24,Female,0.2932247742707767
2023,Greece,15-24,Male,0.24184935818196912
2023,Greece,15-24,Total,0.2653415041017583
2023,Greece,25+,Female,0.13215401299218552
2023,Greece,25+,Male,0.07545611562437436
2023,Greece,25+,Total,0.10057185620914215
2023,Hungary,15-24,Female,0.12471108269560618
2023,Hungary,15-24,Male,0.13522320006362726
2023,Hungary,15-24,Total,0.13076572003995018
2023,Hungary,25+,Female,0.03567335652242362
2023,Hungary,25+,Male,0.03441191523784932
2023,Hungary,25+,Total,0.034946272145266424
2023,Iceland,15-24,Female,0.07066318241701018
2023,Iceland,15-24,Male,0.09818667215733519
2023,Iceland,15-24,Total,0.08445890885670519
2023,Iceland,25+,Female,0.022333690666401555
2023,Iceland,25+,Male,0.030565394485108043
2023,Iceland,25+,Total,0.0270993547660213
2023,Ireland,15-24,Female,0.10839819772781457
2023,Ireland,15-24,Male,0.10635070996640134
2023,Ireland,15-24,Total,0.10724014586214363
2023,Ireland,25+,Female,0.03241890592734639
2023,Ireland,25+,Male,0.03506787582786645
2023,Ireland,25+,Total,0.034021910620126765
2023,Italy,15-24,Female,0.2545486560907858
2023,Italy,15-24,Male,0.2110335589641623
2023,Italy,15-24,Total,0.22883826114110822
2023,Italy,25+,Female,0.07885642971295105
2023,Italy,25+,Male,0.05842595121337417
2023,Italy,25+,Total,0.06734087583405138
2023,Latvia,15-24,Female,0.10523610818220949
2023,Latvia,15-24,Male,0.14995775962090088
2023,Latvia,15-24,Total,0.12917036927352046
2023,Latvia,25+,Female,0.05171127617558613
2023,Latvia,25+,Male,0.07089444607273512
2023,Latvia,25+,Total,0.06109081889374155
2023,Lithuania,15-24,Female,0.10031013687356348
2023,Lithuania,15-24,Male,0.17158333333333334
2023,Lithuania,15-24,Total,0.1420511380214835
2023,Lithuania,25+,Female,0.06155285690960304
2023,Lithuania,25+,Male,0.06715076717805551
2023,Lithuania,25+,Total,0.0643342934642262
2023,Netherlands,15-24,Female,0.0816770528970389
2023,Netherlands,15-24,Male,0.08323555538081359
2023,Netherlands,15-24,Total,0.08259925311453968
2023,Netherlands,25+,Female,0.026824890675635694
2023,Netherlands,25+,Male,0.023461104743639487
2023,Netherlands,25+,Total,0.02503298849382665
2023,Norway,15-24,Female,0.10498215575067114
2023,Norway,15-24,Male,0.11447369581646268
2023,Norway,15-24,Total,0.10964644010105622
2023,Norway,25+,Female,0.022507504643798807
2023,Norway,25+,Male,0.024262058885528837
2023,Norway,25+,Total,0.023309657425429793
2023,Slovak Republic,15-24,Female,0.15897987310490858
2023,Slovak Republic,15-24,Male,0.2237430158836104
2023,Slovak Republic,15-24,Total,0.19867670760725883
2023,Slovak Republic,25+,Female,0.05482536643767819
2023,Slovak Republic,25+,Male,0.04593339661174669
2023,Slovak Republic,25+,Total,0.0503809562602874
2023,Slovenia,15-24,Female,0.09024793906323766
2023,Slovenia,15-24,Male,0.10657312729279758
2023,Slovenia,15-24,Total,0.10101170829222982
2023,Slovenia,25+,Female,0.033537337312380885
2023,Slovenia,25+,Male,0.029443921326259455
2023,Slovenia,25+,Total,0.031392673166417404
2023,Spain,15-24,Female,0.28158825960238043
2023,Spain,15-24,Male,0.29035663599039485
2023,Spain,15-24,Total,0.28647206217168875
2023,Spain,25+,Female,0.1276472215282557
2023,Spain,25+,Male,0.09157012214806998
2023,Spain,25+,Total,0.10860139953884268
2023,United States of America,15-24,Female,0.07130204357658831
2023,United States of America,15-24,Male,0.08817536862922706
2023,United States of America,15-24,Total,0.0798584840185587
2023,United States of America,25+,Female,0.02862373746936593
2023,United States of America,25+,Male,0.030626622706062756
2023,United States of America,25+,Total,0.029716844028209538
2024,Canada,15-24,Female,0.11699889706693416
2024,Canada,15-24,Male,0.1402453216123539
2024,Canada,15-24,Total,0.12867182679776515
2024,Canada,25+,Female,0.049320626444207726
2024,Canada,25+,Male,0.05355522623466945
2024,Canada,25+,Total,0.051410971716329704
2024,Czechia,15-24,Female,0.10182095988665238
2024,Czechia,15-24,Male,0.09633722816083995
2024,Czechia,15-24,Total,0.09926893399869648
2024,Czechia,25+,Female,0.028699850574111556
2024,Czechia,25+,Male,0.019319156015076437
2024,Czechia,25+,Total,0.02370950376112225
2024,France,15-24,Female,0.17846849272318913
2024,France,15-24,Male,0.17554355600780217
2024,France,15-24,Total,0.1764466803340929
2024,France,25+,Female,0.06296031374677044
2024,France,25+,Male,0.061700196016333864
2024,France,25+,Total,0.06257936136581806
2024,Germany,15-24,Female,0.056519485398178915
2024,Germany,15-24,Male,0.0763434560466141
2024,Germany,15-24,Total,0.06742998791786228
2024,Germany,25+,Female,0.02803918969878812
2024,Germany,25+,Male,0.03238570582920185
2024,Germany,25+,Total,0.03033031395642915
2024,Greece,15-24,Female,0.23463365461699243
2024,Greece,15-24,Male,0.21950754266388697
2024,Greece,15-24,Total,0.22517672993927598
2024,Greece,25+,Female,0.11946146096555031
2024,Greece,25+,Male,0.07146780851870245
2024,Greece,25+,Total,0.09381419792198124
2024,Hungary,15-24,Female,0.14858099422512858
2024,Hungary,15-24,Male,0.16009623232685438
2024,Hungary,15-24,Total,0.15571287410418744
2024,Hungary,25+,Female,0.0364288950740869
2024,Hungary,25+,Male,0.035981811521912876
2024,Hungary,25+,Total,0.0358788471958745
2024,Iceland,15-24,Female,0.0877976903802725
2024,Iceland,15-24,Male,0.08404242196767737
2024,Iceland,15-24,Total,0.08566663866608522
2024,Iceland,25+,Female,0.01670912997110512
2024,Iceland,25+,Male,0.02881932609908987
2024,Iceland,25+,Total,0.023666347726723075
2024,Ireland,15-24,Female,0.10185400163649014
2024,Ireland,15-24,Male,0.10747941997012758
2024,Ireland,15-24,Total,0.10444375020959727
2024,Ireland,25+,Female,0.035038491337105654
2024,Ireland,25+,Male,0.03352703991423178
2024,Ireland,25+,Total,0.03444218835096709
2024,Italy,15-24,Female,0.24622410645791803
2024,Italy,15-24,Male,0.1939020283806375
2024,Italy,15-24,Total,0.1999820933773263
2024,Italy,25+,Female,0.07404022119115618
2024,Italy,25+,Male,0.05233528523394898
2024,Italy,25+,Total,0.06145100572681023
2024,Latvia,15-24,Female,0.18603278169750248
2024,Latvia,15-24,Male,0.12155398602273354
2024,Latvia,15-24,Total,0.14995053658746238
2024,Latvia,25+,Female,0.04884643627795328
2024,Latvia,25+,Male,0.07666045450604826
2024,Latvia,25+,Total,0.0629285718567151
2024,Lithuania,15-24,Female,0.15357863800426058
2024,Lithuania,15-24,Male,0.18866666666666665
2024,Lithuania,15-24,Total,0.1717576170203824
2024,Lithuania,25+,Female,0.06510675939205691
2024,Lithuania,25+,Male,0.07242438607125617
2024,Lithuania,25+,Total,0.06889961008751483
2024,Netherlands,15-24,Female,0.08427659576502726
2024,Netherlands,15-24,Male,0.0876735220697068
2024,Netherlands,15-24,Total,0.08602421114645555
2024,Netherlands,25+,Female,0.027613373926171275
2024,Netherlands,25+,Male,0.02380878462181262
2024,Netherlands,25+,Total,0.02560222135054954
2024,Norway,15-24,Female,0.11274640941063979
2024,Norway,15-24,Male,0.12680866176111305
2024,Norway,15-24,Total,0.11982301955599363
2024,Norway,25+,Female,0.024132433502513453
2024,Norway,25+,Male,0.028817104154063317
2024,Norway,25+,Total,0.026586421506064536
2024,Slovak Republic,15-24,Female,0.20159322016595002
2024,Slovak Republic,15-24,Male,0.21562951730544247
2024,Slovak Republic,15-24,Total,0.21041171893953395
2024,Slovak Republic,25+,Female,0.053585120189281854
2024,Slovak Republic,25+,Male,0.03758894968775758
2024,Slovak Republic,25+,Total,0.045171860698978286
2024,Slovenia,15-24,Female,0.1266416436026724
2024,Slovenia,15-24,Male,0.08759908192649501
2024,Slovenia,15-24,Total,0.10444977238069428
2024,Slovenia,25+,Female,0.030033404702196943
2024,Slovenia,25+,Male,0.028364309738806194
2024,Slovenia,25+,Total,0.028968899006880093
2024,Spain,15-24,Female,0.27235903963142716
2024,Spain,15-24,Male,0.2654812520875086
2024,Spain,15-24,Total,0.2682289170406345
2024,Spain,25+,Female,0.1173407388066988
2024,Spain,25+,Male,0.08939858423456899
2024,Spain,25+,Total,0.10278287893443687
2024,United States of America,15-24,Female,0.08299804660630909
2024,United States of America,15-24,Male,0.09511337955065217
2024,United States of America,15-24,Total,0.08891535528258146
2024,United States of America,25+,Female,0.03203789158071105
2024,United States of America,25+,Male,0.03311313248759488
2024,United States of America,25+,Total,0.03262618097803919
2025,Canada,15-24,Female,0.10768025489746548
2025,Canada,15-24,Male,0.14975792166335103
2025,Canada,15-24,Total,0.12556138329400882
2025,Canada,25+,Female,0.05001560202159208
2025,Canada,25+,Male,0.05560016789509442
2025,Canada,25+,Total,0.05049893764655335
2025,Czechia,15-24,Female,0.13688683491038428
2025,Czechia,15-24,Male,0.13851803566123483
2025,Czechia,15-24,Total,0.14848284034874115
2025,Czechia,25+,Female,0.02671227035562841
2025,Czechia,25+,Male,0.01687999392273826
2025,Czechia,25+,Total,0.023219117422359815
2025,France,15-24,Female,0.18790756585828175
2025,France,15-24,Male,0.1650141599439219
2025,France,15-24,Total,0.172391301424856
2025,France,25+,Female,0.06149051161013488
2025,France,25+,Male,0.06171278353117804
2025,France,25+,Total,0.06149051161013488
2025,Germany,15-24,Female,0.047940347317616566
2025,Germany,15-24,Male,0.0875794312573367
2025,Germany,15-24,Total,0.0667159620820293
2025,Germany,25+,Female,0.02862069736174551
2025,Germany,25+,Male,0.03324612855378552
2025,Germany,25+,Total,0.030951403131265775
2025,Greece,15-24,Female,0.15377602468433288
2025,Greece,15-24,Male,0.16027216882232842
2025,Greece,15-24,Total,0.14718664593938
2025,Greece,25+,Female,0.0979742772776759
2025,Greece,25+,Male,0.05554038459450183
2025,Greece,25+,Total,0.07901416636441282
2025,Hungary,15-24,Female,0.16555167745892743
2025,Hungary,15-24,Male,0.17935001801430026
2025,Hungary,15-24,Total,0.18184223221454923
2025,Hungary,25+,Female,0.03595045619247444
2025,Hungary,25+,Male,0.036619618666139546
2025,Hungary,25+,Total,0.035400767015766145
2025,Iceland,15-24,Female,0.10679469783828667
2025,Iceland,15-24,Male,0.07328181828174221
2025,Iceland,15-24,Total,0.08886853518394018
2025,Iceland,25+,Female,0.005998784884070292
2025,Iceland,25+,Male,0.02366296036542875
2025,Iceland,25+,Total,0.0176999391378122
2025,Ireland,15-24,Female,0.09570973862001121
2025,Ireland,15-24,Male,0.09609104636123716
2025,Ireland,15-24,Total,0.09101908074355465
2025,Ireland,25+,Female,0.029737112656972358
2025,Ireland,25+,Male,0.031624770894985416
2025,Ireland,25+,Total,0.03179697439431758
2025,Italy,15-24,Female,0.21295191387616455
2025,Italy,15-24,Male,0.1718234640469399
2025,Italy,15-24,Total,0.1768048249901136
2025,Italy,25+,Female,0.06837771673900604
2025,Italy,25+,Male,0.04615797062902525
2025,Italy,25+,Total,0.05585270129373921
2025,Latvia,15-24,Female,0.16264972006503506
2025,Latvia,15-24,Male,0.14950406118156467
2025,Latvia,15-24,Total,0.16308399727904266
2025,Latvia,25+,Female,0.03978141453567641
2025,Latvia,25+,Male,0.07597846015938223
2025,Latvia,25+,Total,0.057996038925633965
2025,Lithuania,15-24,Female,0.27068651993087217
2025,Lithuania,15-24,Total,0.19309366840045392
2025,Lithuania,25+,Female,0.0686749252947811
2025,Lithuania,25+,Male,0.07362379265457526
2025,Lithuania,25+,Total,0.06946936241321777
2025,Netherlands,15-24,Female,0.08454882147275451
2025,Netherlands,15-24,Male,0.08142301253386945
2025,Netherlands,15-24,Total,0.08357827593847582
2025,Netherlands,25+,Female,0.02592499667193689
2025,Netherlands,25+,Male,0.021396161713070367
2025,Netherlands,25+,Total,0.023390491638301644
2025,Norway,15-24,Female,0.11155405961898623
2025,Norway,15-24,Male,0.12833426039446463
2025,Norway,15-24,Total,0.11956638226876548
2025,Norway,25+,Female,0.022638215057020527
2025,Norway,25+,Male,0.03114396707603907
2025,Norway,25+,Total,0.028243538492961916
2025,Slovak Republic,15-24,Female,0.19011036540139145
2025,Slovak Republic,15-24,Male,0.22321861585626265
2025,Slovak Republic,15-24,Total,0.2167182407932091
2025,Slovak Republic,25+,Female,0.04811549407099497
2025,Slovak Republic,25+,Male,0.031143651366563344
2025,Slovak Republic,25+,Total,0.039966603147776184
2025,Slovenia,15-24,Female,0.15785024022990993
2025,Slovenia,15-24,Male,0.10129877069478639
2025,Slovenia,15-24,Total,0.10912596821729792
2025,Slovenia,25+,Female,0.02478299488987325
2025,Slovenia,25+,Male,0.029885690085267442
2025,Slovenia,25+,Total,0.027069241444328675
2025,Spain,15-24,Female,0.27863180441443275
2025,Spain,15-24,Male,0.23037523213327782
2025,Spain,15-24,Total,0.24471815403649624
2025,Spain,25+,Female,0.10239582539710883
2025,Spain,25+,Male,0.08433109856925287
2025,Spain,25+,Total,0.09266597066881409
2025,United States of America,15-24,Female,0.04984975569959444
2025,United States of America,15-24,Male,0.093250079960334
2025,United States of America,15-24,Total,0.08830372886806519
2025,United States of America,25+,Female,0.02968453315863805
2025,United States of America,25+,Male,0.02835603126033256
2025,United States of America,25+,Total,0.029617364214428024
2026,Canada,15-24,Female,0.10781676896508907
2026,Canada,15-24,Male,0.151873538511387
2026,Canada,15-24,Total,0.12593579182888548
2026,Canada,25+,Female,0.04949096250463785
2026,Canada,25+,Male,0.0550807271380695
2026,Canada,25+,Total,0.04886053075802374
2026,Czechia,15-24,Female,0.1441192814834297
2026,Czechia,15-24,Male,0.1502853906053034
2026,Czechia,15-24,Total,0.16381274074342447
2026,Czechia,25+,Female,0.02533852197368175
2026,Czechia,25+,Male,0.015641928751398523
2026,Czechia,25+,Total,0.023240700886597816
2026,France,15-24,Female,0.18342611509164466
2026,France,15-24,Male,0.1596592038963035
2026,France,15-24,Total,0.16620114066003247
2026,France,25+,Female,0.060227672154164635
2026,France,25+,Male,0.059998708372789616
2026,France,25+,Total,0.060227672154164635
2026,Germany,15-24,Female,0.048626855160018745
2026,Germany,15-24,Male,0.09421390764324496
2026,Germany,15-24,Total,0.06619453638858928
2026,Germany,25+,Female,0.028201159048227693
2026,Germany,25+,Male,0.033641888690494816
2026,Germany,25+,Total,0.030798213597869207
2026,Greece,15-24,Female,0.11691751695592016
2026,Greece,15-24,Male,0.11784430916381083
2026,Greece,15-24,Total,0.11536933298599432
2026,Greece,25+,Female,0.08068817595983817
2026,Greece,25+,Male,0.03883768830194229
2026,Greece,25+,Total,0.06485209012932268
2026,Hungary,15-24,Female,0.16220857410882272
2026,Hungary,15-24,Male,0.18765311097672843
2026,Hungary,15-24,Total,0.19063408613922653
2026,Hungary,25+,Female,0.034744573113168385
2026,Hungary,25+,Male,0.03568470592419859
2026,Hungary,25+,Total,0.034018714538312976
2026,Iceland,15-24,Female,0.11765322058956902
2026,Iceland,15-24,Male,0.06521865122978539
2026,Iceland,15-24,Total,0.09038711468823929
2026,Iceland,25+,Female,-0.0022689181254441832
2026,Iceland,25+,Male,0.020349007258550485
2026,Iceland,25+,Total,0.012449282199677059
2026,Ireland,15-24,Female,0.08887925378026522
2026,Ireland,15-24,Male,0.08444858668776638
2026,Ireland,15-24,Total,0.08081468693685281
2026,Ireland,25+,Female,0.025259959880401594
2026,Ireland,25+,Male,0.029628749083952244
2026,Ireland,25+,Total,0.02874077011732291
2026,Italy,15-24,Female,0.19620155622837768
2026,Italy,15-24,Male,0.15135989650105292
2026,Italy,15-24,Total,0.1583537367200544
2026,Italy,25+,Female,0.06285809838187201
2026,Italy,25+,Male,0.04177050301713433
2026,Italy,25+,Total,0.050787361895440176
2026,Latvia,15-24,Female,0.1560288542840523
2026,Latvia,15-24,Male,0.15227282323085378
2026,Latvia,15-24,Total,0.16155152693720576
2026,Latvia,25+,Female,0.03771251050943566
2026,Latvia,25+,Male,0.07507606924933154
2026,Latvia,25+,Total,0.054711046214129394
2026,Lithuania,15-24,Female,0.3169497651623891
2026,Lithuania,15-24,Total,0.1927372146655856
2026,Lithuania,25+,Female,0.07062997822417853
2026,Lithuania,25+,Male,0.07203806565976857
2026,Lithuania,25+,Total,0.06799224324599212
2026,Netherlands,15-24,Female,0.08087561154777256
2026,Netherlands,15-24,Male,0.07869402356557627
2026,Netherlands,15-24,Total,0.08084716125506945
2026,Netherlands,25+,Female,0.024057914873703307
2026,Netherlands,25+,Male,0.019365949646889074
2026,Netherlands,25+,Total,0.02126982420545515
2026,Norway,15-24,Female,0.11614609388399987
2026,Norway,15-24,Male,0.13081505742042834
2026,Norway,15-24,Total,0.12263592973812204
2026,Norway,25+,Female,0.022443319855408494
2026,Norway,25+,Male,0.03222416592649562
2026,Norway,25+,Total,0.029040282353870527
2026,Slovak Republic,15-24,Female,0.1823160091688721
2026,Slovak Republic,15-24,Male,0.2251593096932114
2026,Slovak Republic,15-24,Total,0.21465736098033958
2026,Slovak Republic,25+,Female,0.042873093286669335
2026,Slovak Republic,25+,Male,0.025010942355770085
2026,Slovak Republic,25+,Total,0.03461841771622807
2026,Slovenia,15-24,Female,0.17027625183646863
2026,Slovenia,15-24,Male,0.09997720911754714
2026,Slovenia,15-24,Total,0.1044147049420871
2026,Slovenia,25+,Female,0.019262698440079214
2026,Slovenia,25+,Male,0.028925471154008165
2026,Slovenia,25+,Total,0.023879845759761983
2026,Spain,15-24,Female,0.27008627445886396
2026,Spain,15-24,Male,0.21335215520763443
2026,Spain,15-24,Total,0.22023482383419593
2026,Spain,25+,Female,0.0904419223297767
2026,Spain,25+,Male,0.07835947537255882
2026,Spain,25+,Total,0.08317591774665828
2026,United States of America,15-24,Female,0.043956059719971984
2026,United States of America,15-24,Male,0.09573750945479233
2026,United States of America,15-24,Total,0.08794816848173288
2026,United States of America,25+,Female,0.03155908632161311
2026,United States of America,25+,Male,0.02710347894666795
2026,United States of America,25+,Total,0.030510968819112402
2027,Canada,15-24,Female,0.11017087688951854
2027,Canada,15-24,Male,0.15488144015979485
2027,Canada,15-24,Total,0.1256889543487966
2027,Canada,25+,Female,0.04882728720455751
2027,Canada,25+,Male,0.05449564420512771
2027,Canada,25+,Total,0.04777200231493837
2027,Czechia,15-24,Female,0.1442900254216953
2027,Czechia,15-24,Male,0.16169263383686192
2027,Czechia,15-24,Total,0.16910215341745713
2027,Czechia,25+,Female,0.023120996530572164
2027,Czechia,25+,Male,0.014464008328809992
2027,Czechia,25+,Total,0.022997568249480984
2027,France,15-24,Female,0.18017467919327815
2027,France,15-24,Male,0.15247996408479214
2027,France,15-24,Total,0.15970188292566886
2027,France,25+,Female,0.05880880909460911
2027,France,25+,Male,0.05860021096494641
2027,France,25+,Total,0.05880880909460911
2027,Germany,15-24,Female,0.048608687915086046
2027,Germany,15-24,Male,0.10096148063927125
2027,Germany,15-24,Total,0.06601264972772843
2027,Germany,25+,Female,0.0278279249768268
2027,Germany,25+,Male,0.03420613806118521
2027,Germany,25+,Total,0.03065107293390065
2027,Greece,15-24,Female,0.07312039776237839
2027,Greece,15-24,Male,0.09462727024528632
2027,Greece,15-24,Total,0.07687614536634975
2027,Greece,25+,Female,0.06213369896520407
2027,Greece,25+,Male,0.02534531190346404
2027,Greece,25+,Total,0.0496144412305252
2027,Hungary,15-24,Female,0.162422601426451
2027,Hungary,15-24,Male,0.19409079118904693
2027,Hungary,15-24,Total,0.19885285245734294
2027,Hungary,25+,Female,0.033937500137074646
2027,Hungary,25+,Male,0.03404881023192571
2027,Hungary,25+,Total,0.03256992368673075
2027,Iceland,15-24,Female,0.12701660730486106
2027,Iceland,15-24,Male,0.056832028125574925
2027,Iceland,15-24,Total,0.09185978496708878
2027,Iceland,25+,Female,-0.010800830898894782
2027,Iceland,25+,Male,0.017073840783902016
2027,Iceland,25+,Total,0.007343705161734008
2027,Ireland,15-24,Female,0.08044760135983722
2027,Ireland,15-24,Male,0.07361643471395439
2027,Ireland,15-24,Total,0.06624275846695137
2027,Ireland,25+,Female,0.020932060988864087
2027,Ireland,25+,Male,0.027360143885522378
2027,Ireland,25+,Total,0.025554018464194167
2027,Italy,15-24,Female,0.17923915683519753
2027,Italy,15-24,Male,0.13045638379638816
2027,Italy,15-24,Total,0.13166836462352802
2027,Italy,25+,Female,0.05818860998791912
2027,Italy,25+,Male,0.0364336760627069
2027,Italy,25+,Total,0.045512631777872965
2027,Latvia,15-24,Female,0.18111147094688673
2027,Latvia,15-24,Male,0.14903746008651328
2027,Latvia,15-24,Total,0.16578161561695018
2027,Latvia,25+,Female,0.03250945273750308
2027,Latvia,25+,Male,0.07432975301278746
2027,Latvia,25+,Total,0.05144913399791513
2027,Lithuania,15-24,Female,0.34515123241451806
2027,Lithuania,15-24,Total,0.19585283162738198
2027,Lithuania,25+,Female,0.07518294444850188
2027,Lithuania,25+,Male,0.07049266007404274
2027,Lithuania,25+,Total,0.06708503683768774
2027,Netherlands,15-24,Female,0.07816034443046903
2027,Netherlands,15-24,Male,0.07553530820542646
2027,Netherlands,15-24,Total,0.07730083512464356
2027,Netherlands,25+,Female,0.021798909583290615
2027,Netherlands,25+,Male,0.017383475899948375
2027,Netherlands,25+,Total,0.019205144425199206
2027,Norway,15-24,Female,0.11752136620060245
2027,Norway,15-24,Male,0.1342064862167891
2027,Norway,15-24,Total,0.12561356085861797
2027,Norway,25+,Female,0.021320501660863956
2027,Norway,25+,Male,0.03245458936554816
2027,Norway,25+,Total,0.029296380892775767
2027,Slovak Republic,15-24,Female,0.17129003027536663
2027,Slovak Republic,15-24,Male,0.22568087169958415
2027,Slovak Republic,15-24,Total,0.21186761002548363
2027,Slovak Republic,25+,Female,0.03747149353392183
2027,Slovak Republic,25+,Male,0.018713651050205376
2027,Slovak Republic,25+,Total,0.028382671897855042
2027,Slovenia,15-24,Female,0.18562375313899984
2027,Slovenia,15-24,Male,0.09685679304407331
2027,Slovenia,15-24,Total,0.09789472082080218
2027,Slovenia,25+,Female,0.013569783273886901
2027,Slovenia,25+,Male,0.027927464925551232
2027,Slovenia,25+,Total,0.020698530061750365
2027,Spain,15-24,Female,0.25887043786217884
2027,Spain,15-24,Male,0.1910102134991737
2027,Spain,15-24,Total,0.19673428229543655
2027,Spain,25+,Female,0.07863897290541512
2027,Spain,25+,Male,0.07033465736859117
2027,Spain,25+,Total,0.07404641468269722
2027,United States of America,15-24,Female,0.03540120633727927
2027,United States of America,15-24,Male,0.08163599333821099
2027,United States of America,15-24,Total,0.08076301221823166
2027,United States of America,25+,Female,0.026276934218086925
2027,United States of America,25+,Male,0.02326819758429524
2027,United States of America,25+,Total,0.02519208063864105
